TexasInstruments_OPA2991IDR.pdf,Texas Instruments,OPA2991IDR,typ_gbp,4.5 MHz,mouser-opamps-page-1.csv
ONSemiconductor_NCS21911SN2T1G.pdf,ON Semiconductor,NCS21911SN2T1G,typ_supply_current,475 uA,mouser-opamps-page-1.csv
ONSemiconductor_NCS21911SN2T1G.pdf,ON Semiconductor,NCS21911SN2T1G,typ_gbp,2 MHz,mouser-opamps-page-1.csv
TexasInstruments_OPA810IDR.pdf,Texas Instruments,OPA810IDR,typ_gbp,70 MHz,mouser-opamps-page-1.csv
TexasInstruments_OPA4990IDR.pdf,Texas Instruments,OPA4990IDR,typ_gbp,1.1 MHz,mouser-opamps-page-1.csv
TexasInstruments_OPA207IDBVR.pdf,Texas Instruments,OPA207IDBVR,typ_gbp,1.3 MHz,mouser-opamps-page-1.csv
TexasInstruments_OPA1671IDBVR.pdf,Texas Instruments,OPA1671IDBVR,typ_supply_current,940 uA,mouser-opamps-page-1.csv
TexasInstruments_OPA1671IDBVR.pdf,Texas Instruments,OPA1671IDBVR,typ_gbp,13 MHz,mouser-opamps-page-1.csv
TexasInstruments_TLV6003DBVR.pdf,Texas Instruments,TLV6003DBVR,typ_supply_current,1 uA,mouser-opamps-page-1.csv
TexasInstruments_TLV6003DBVR.pdf,Texas Instruments,TLV6003DBVR,typ_gbp,5.5 kHz,mouser-opamps-page-1.csv
STMicroelectronics_TSB571ILT.pdf,STMicroelectronics,TSB571ILT,typ_supply_current,340 uA,mouser-opamps-page-1.csv
STMicroelectronics_TSB571ILT.pdf,STMicroelectronics,TSB571ILT,typ_gbp,2.2 MHz,mouser-opamps-page-1.csv
STMicroelectronics_LM2904WHYST.pdf,STMicroelectronics,LM2904WHYST,typ_supply_current,700 uA,mouser-opamps-page-10.csv
STMicroelectronics_LM2904WHYST.pdf,STMicroelectronics,LM2904WHYST,typ_gbp,1.1 MHz,mouser-opamps-page-10.csv
STMicroelectronics_TSU111IQ1T.pdf,STMicroelectronics,TSU111IQ1T,typ_supply_current,950 nA,mouser-opamps-page-10.csv
STMicroelectronics_TSU111IQ1T.pdf,STMicroelectronics,TSU111IQ1T,typ_gbp,11.5 kHz,mouser-opamps-page-10.csv
STMicroelectronics_TS274IPT.pdf,STMicroelectronics,TS274IPT,typ_supply_current,1 mA,mouser-opamps-page-101.csv
STMicroelectronics_TS274IPT.pdf,STMicroelectronics,TS274IPT,typ_gbp,3.5 MHz,mouser-opamps-page-101.csv
STMicroelectronics_TSV324IDT.pdf,STMicroelectronics,TSV324IDT,typ_supply_current,500 uA,mouser-opamps-page-101.csv
STMicroelectronics_TSV324IDT.pdf,STMicroelectronics,TSV324IDT,typ_gbp,1.4 MHz,mouser-opamps-page-101.csv
ONSemiconductor_LMV301SN3T1G.pdf,ON Semiconductor,LMV301SN3T1G,typ_supply_current,200 uA,mouser-opamps-page-101.csv
ONSemiconductor_LMV301SN3T1G.pdf,ON Semiconductor,LMV301SN3T1G,typ_gbp,1 MHz,mouser-opamps-page-101.csv
ONSemiconductor_NCV20092DMR2G.pdf,ON Semiconductor,NCV20092DMR2G,typ_supply_current,23 uA,mouser-opamps-page-104.csv
ONSemiconductor_NCV20092DMR2G.pdf,ON Semiconductor,NCV20092DMR2G,typ_gbp,350 kHz,mouser-opamps-page-104.csv
STMicroelectronics_TS27L2AIDT.pdf,STMicroelectronics,TS27L2AIDT,typ_supply_current,10 uA,mouser-opamps-page-104.csv
STMicroelectronics_TS27L2AIDT.pdf,STMicroelectronics,TS27L2AIDT,typ_gbp,100 kHz,mouser-opamps-page-104.csv
STMicroelectronics_TSV611AILT.pdf,STMicroelectronics,TSV611AILT,typ_supply_current,14 uA,mouser-opamps-page-104.csv
STMicroelectronics_TSV611AILT.pdf,STMicroelectronics,TSV611AILT,typ_gbp,120 kHz,mouser-opamps-page-104.csv
STMicroelectronics_TSV6290AICT.pdf,STMicroelectronics,TSV6290AICT,typ_supply_current,36 uA,mouser-opamps-page-106.csv
STMicroelectronics_TSV6290AICT.pdf,STMicroelectronics,TSV6290AICT,typ_gbp,1.3 MHz,mouser-opamps-page-106.csv
ONSemiconductor_NCS20032DR2G.pdf,ON Semiconductor,NCS20032DR2G,typ_supply_current,325 uA,mouser-opamps-page-106.csv
ONSemiconductor_NCS20032DR2G.pdf,ON Semiconductor,NCS20032DR2G,typ_gbp,7 MHz,mouser-opamps-page-106.csv
ONSemiconductor_NE5534ADR2G.pdf,ON Semiconductor,NE5534ADR2G,typ_supply_current,8 mA,mouser-opamps-page-106.csv
ONSemiconductor_NE5534ADR2G.pdf,ON Semiconductor,NE5534ADR2G,typ_gbp,10 MHz,mouser-opamps-page-106.csv
MaximIntegrated_MAX4246ASAT.pdf,Maxim Integrated,MAX4246ASA+T,typ_supply_current,320 uA,mouser-opamps-page-110.csv
MaximIntegrated_MAX4246ASAT.pdf,Maxim Integrated,MAX4246ASA+T,typ_gbp,1 MHz,mouser-opamps-page-110.csv
AnalogDevices_AD8544WARZ-R7.pdf,Analog Devices,AD8544WARZ-R7,typ_supply_current,260 uA,mouser-opamps-page-110.csv
AnalogDevices_AD8544WARZ-R7.pdf,Analog Devices,AD8544WARZ-R7,typ_gbp,1 MHz,mouser-opamps-page-110.csv
MaximIntegrated_MAX4091ASA.pdf,Maxim Integrated,MAX4091ASA+,typ_supply_current,185 uA,mouser-opamps-page-110.csv
MaximIntegrated_MAX4091ASA.pdf,Maxim Integrated,MAX4091ASA+,typ_gbp,500 kHz,mouser-opamps-page-110.csv
MaximIntegrated_MAX4483AUD.pdf,Maxim Integrated,MAX4483AUD+,typ_supply_current,50 uA,mouser-opamps-page-110.csv
MaximIntegrated_MAX4483AUD.pdf,Maxim Integrated,MAX4483AUD+,typ_gbp,140 kHz,mouser-opamps-page-110.csv
MaximIntegrated_MAX4282EUA.pdf,Maxim Integrated,MAX4282EUA+,typ_supply_current,320 uA,mouser-opamps-page-111.csv
MaximIntegrated_MAX4282EUA.pdf,Maxim Integrated,MAX4282EUA+,typ_gbp,2 MHz,mouser-opamps-page-111.csv
MaximIntegrated_MAX9005EUA.pdf,Maxim Integrated,MAX9005EUA+,typ_supply_current,340 uA,mouser-opamps-page-111.csv
MaximIntegrated_MAX9005EUA.pdf,Maxim Integrated,MAX9005EUA+,typ_gbp,8 MHz,mouser-opamps-page-111.csv
MaximIntegrated_MAX4227ESA.pdf,Maxim Integrated,MAX4227ESA+,typ_supply_current,6 mA,mouser-opamps-page-115.csv
MaximIntegrated_MAX4227ESA.pdf,Maxim Integrated,MAX4227ESA+,typ_gbp,1.2 GHz,mouser-opamps-page-115.csv
MaximIntegrated_MAX4163EBLT.pdf,Maxim Integrated,MAX4163EBL+T,typ_supply_current,25 uA,mouser-opamps-page-115.csv
MaximIntegrated_MAX4163EBLT.pdf,Maxim Integrated,MAX4163EBL+T,typ_gbp,200 kHz,mouser-opamps-page-115.csv
RenesasIntersil_ISL28218FBZ.pdf,Renesas / Intersil,ISL28218FBZ,typ_supply_current,2.2 mA,mouser-opamps-page-115.csv
RenesasIntersil_ISL28218FBZ.pdf,Renesas / Intersil,ISL28218FBZ,typ_gbp,3.2 MHz,mouser-opamps-page-115.csv
AnalogDevicesLinearTechnology_OP270GN8PBF.pdf,Analog Devices / Linear Technology,OP270GN8#PBF,typ_supply_current,4 mA,mouser-opamps-page-116.csv
AnalogDevicesLinearTechnology_OP270GN8PBF.pdf,Analog Devices / Linear Technology,OP270GN8#PBF,typ_gbp,6 MHz,mouser-opamps-page-116.csv
MaximIntegrated_ICL7621BCPA.pdf,Maxim Integrated,ICL7621BCPA+,typ_supply_current,15 uA,mouser-opamps-page-116.csv
MaximIntegrated_ICL7621BCPA.pdf,Maxim Integrated,ICL7621BCPA+,typ_gbp,44 kHz,mouser-opamps-page-116.csv
AnalogDevices_AD842KNZ.pdf,Analog Devices,AD842KNZ,typ_gbp,80 MHz,mouser-opamps-page-116.csv
STMicroelectronics_LF353DT.pdf,STMicroelectronics,LF353DT,typ_supply_current,3.2 mA,mouser-opamps-page-129.csv
STMicroelectronics_LF353DT.pdf,STMicroelectronics,LF353DT,typ_gbp,4 MHz,mouser-opamps-page-129.csv
STMicroelectronics_LM2904PT.pdf,STMicroelectronics,LM2904PT,typ_supply_current,1.2 mA,mouser-opamps-page-129.csv
STMicroelectronics_LM2904PT.pdf,STMicroelectronics,LM2904PT,typ_gbp,1.1 MHz,mouser-opamps-page-129.csv
ONSemiconductor_LM301ADR2G.pdf,ON Semiconductor,LM301ADR2G,typ_supply_current,1.8 mA,mouser-opamps-page-129.csv
ONSemiconductor_LM301ADR2G.pdf,ON Semiconductor,LM301ADR2G,typ_gbp,1 MHz,mouser-opamps-page-129.csv
STMicroelectronics_TL074BCDT.pdf,STMicroelectronics,TL074BCDT,typ_supply_current,2.5 mA,mouser-opamps-page-129.csv
STMicroelectronics_TL074BCDT.pdf,STMicroelectronics,TL074BCDT,typ_gbp,3 MHz,mouser-opamps-page-129.csv
ONSemiconductor_MC33078DR2G.pdf,ON Semiconductor,MC33078DR2G,typ_supply_current,4.1 mA,mouser-opamps-page-131.csv
ONSemiconductor_MC33078DR2G.pdf,ON Semiconductor,MC33078DR2G,typ_gbp,16 MHz,mouser-opamps-page-131.csv
ONSemiconductor_MC33202DR2G.pdf,ON Semiconductor,MC33202DR2G,typ_supply_current,1.8 mA,mouser-opamps-page-131.csv
ONSemiconductor_MC33202DR2G.pdf,ON Semiconductor,MC33202DR2G,typ_gbp,2.2 MHz,mouser-opamps-page-131.csv
STMicroelectronics_LF347D.pdf,STMicroelectronics,LF347D,typ_supply_current,2 mA,mouser-opamps-page-131.csv
STMicroelectronics_LF347D.pdf,STMicroelectronics,LF347D,typ_gbp,4 MHz,mouser-opamps-page-131.csv
STMicroelectronics_MC33078D.pdf,STMicroelectronics,MC33078D,typ_supply_current,2.05 mA,mouser-opamps-page-131.csv
STMicroelectronics_MC33078D.pdf,STMicroelectronics,MC33078D,typ_gbp,15 MHz,mouser-opamps-page-131.csv
STMicroelectronics_LF351D.pdf,STMicroelectronics,LF351D,typ_supply_current,3.4 mA,mouser-opamps-page-131.csv
STMicroelectronics_LF351D.pdf,STMicroelectronics,LF351D,typ_gbp,4 MHz,mouser-opamps-page-131.csv
ONSemiconductor_TCA0372DWR2G.pdf,ON Semiconductor,TCA0372DWR2G,typ_supply_current,5 mA,mouser-opamps-page-131.csv
ONSemiconductor_TCA0372DWR2G.pdf,ON Semiconductor,TCA0372DWR2G,typ_gbp,1.4 MHz,mouser-opamps-page-131.csv
STMicroelectronics_LM324AD.pdf,STMicroelectronics,LM324AD,typ_supply_current,175 uA,mouser-opamps-page-131.csv
STMicroelectronics_LM324AD.pdf,STMicroelectronics,LM324AD,typ_gbp,1.3 MHz,mouser-opamps-page-131.csv
ONSemiconductor_LM2904DMR2G.pdf,ON Semiconductor,LM2904DMR2G,typ_supply_current,1.2 mA,mouser-opamps-page-135.csv
ONSemiconductor_LM2904DMR2G.pdf,ON Semiconductor,LM2904DMR2G,typ_gbp,1 MHz,mouser-opamps-page-135.csv
ONSemiconductor_MC33179DTBR2G.pdf,ON Semiconductor,MC33179DTBR2G,typ_supply_current,2.4 mA,mouser-opamps-page-135.csv
ONSemiconductor_MC33179DTBR2G.pdf,ON Semiconductor,MC33179DTBR2G,typ_gbp,5 MHz,mouser-opamps-page-135.csv
ONSemiconductor_MC33174DR2G.pdf,ON Semiconductor,MC33174DR2G,typ_supply_current,1 mA,mouser-opamps-page-135.csv
ONSemiconductor_MC33174DR2G.pdf,ON Semiconductor,MC33174DR2G,typ_gbp,1.8 MHz,mouser-opamps-page-135.csv
AnalogDevices_AD8244BRMZ.pdf,Analog Devices,AD8244BRMZ,typ_supply_current,180 uA,mouser-opamps-page-135.csv
AnalogDevices_AD8244BRMZ.pdf,Analog Devices,AD8244BRMZ,typ_gbp,3 MHz,mouser-opamps-page-135.csv
STMicroelectronics_MC1458DT.pdf,STMicroelectronics,MC1458DT,typ_supply_current,3.4 mA,mouser-opamps-page-135.csv
STMicroelectronics_MC1458DT.pdf,STMicroelectronics,MC1458DT,typ_gbp,1 MHz,mouser-opamps-page-135.csv
MicrochipTechnologyMicrel_LMC7101AYM5-TR.pdf,Microchip Technology / Micrel,LMC7101AYM5-TR,typ_supply_current,1.71 mA,mouser-opamps-page-135.csv
MicrochipTechnologyMicrel_LMC7101AYM5-TR.pdf,Microchip Technology / Micrel,LMC7101AYM5-TR,typ_gbp,500 kHz,mouser-opamps-page-135.csv
STMicroelectronics_LM2902AWYDT.pdf,STMicroelectronics,LM2902AWYDT,typ_supply_current,700 uA,mouser-opamps-page-136.csv
STMicroelectronics_LM2902AWYDT.pdf,STMicroelectronics,LM2902AWYDT,typ_gbp,1.3 MHz,mouser-opamps-page-136.csv
STMicroelectronics_L2720W13TR.pdf,STMicroelectronics,L2720W13TR,typ_supply_current,15 mA,mouser-opamps-page-136.csv
STMicroelectronics_L2720W13TR.pdf,STMicroelectronics,L2720W13TR,typ_gbp,1.2 MHz,mouser-opamps-page-136.csv
AnalogDevices_OP281GSZ.pdf,Analog Devices,OP281GSZ,typ_supply_current,8 uA,mouser-opamps-page-140.csv
AnalogDevices_OP281GSZ.pdf,Analog Devices,OP281GSZ,typ_gbp,105 kHz,mouser-opamps-page-140.csv
ONSemiconductor_LM358DMR2G.pdf,ON Semiconductor,LM358DMR2G,typ_supply_current,1.2 mA,mouser-opamps-page-140.csv
ONSemiconductor_LM358DMR2G.pdf,ON Semiconductor,LM358DMR2G,typ_gbp,1 MHz,mouser-opamps-page-140.csv
DiodesIncorporated_LM2904QS-13.pdf,Diodes Incorporated,LM2904QS-13,typ_supply_current,700 uA,mouser-opamps-page-140.csv
DiodesIncorporated_LM2904QS-13.pdf,Diodes Incorporated,LM2904QS-13,typ_gbp,0.7 MHz,mouser-opamps-page-140.csv
ONSemiconductor_NCV2904DMR2G.pdf,ON Semiconductor,NCV2904DMR2G,typ_supply_current,1.2 mA,mouser-opamps-page-140.csv
ONSemiconductor_NCV2904DMR2G.pdf,ON Semiconductor,NCV2904DMR2G,typ_gbp,1 MHz,mouser-opamps-page-140.csv
STMicroelectronics_LM358AST.pdf,STMicroelectronics,LM358AST,typ_supply_current,1.2 mA,mouser-opamps-page-140.csv
STMicroelectronics_LM358AST.pdf,STMicroelectronics,LM358AST,typ_gbp,1.1 MHz,mouser-opamps-page-140.csv
STMicroelectronics_TL072ACDT.pdf,STMicroelectronics,TL072ACDT,typ_supply_current,2.5 mA,mouser-opamps-page-140.csv
STMicroelectronics_TL072ACDT.pdf,STMicroelectronics,TL072ACDT,typ_gbp,4 MHz,mouser-opamps-page-140.csv
STMicroelectronics_LMX321ICT.pdf,STMicroelectronics,LMX321ICT,typ_supply_current,180 uA,mouser-opamps-page-140.csv
STMicroelectronics_LMX321ICT.pdf,STMicroelectronics,LMX321ICT,typ_gbp,1.3 MHz,mouser-opamps-page-140.csv
STMicroelectronics_TSU114IQ4T.pdf,STMicroelectronics,TSU114IQ4T,typ_supply_current,950 nA,mouser-opamps-page-2.csv
STMicroelectronics_TSU114IQ4T.pdf,STMicroelectronics,TSU114IQ4T,typ_gbp,11.5 kHz,mouser-opamps-page-2.csv
TexasInstruments_OPA4202IDR.pdf,Texas Instruments,OPA4202IDR,typ_gbp,1 MHz,mouser-opamps-page-2.csv
TexasInstruments_OPA2202IDGKR.pdf,Texas Instruments,OPA2202IDGKR,typ_gbp,1 MHz,mouser-opamps-page-2.csv
TexasInstruments_MCP6292IDDFR.pdf,Texas Instruments,MCP6292IDDFR,typ_gbp,10 MHz,mouser-opamps-page-2.csv
TexasInstruments_OPA990IDBVR.pdf,Texas Instruments,OPA990IDBVR,typ_gbp,1.1 MHz,mouser-opamps-page-2.csv
TexasInstruments_LM2904BIDR.pdf,Texas Instruments,LM2904BIDR,typ_gbp,1.2 MHz,mouser-opamps-page-2.csv
TexasInstruments_LM358BAIDR.pdf,Texas Instruments,LM358BAIDR,typ_gbp,1.2 MHz,mouser-opamps-page-2.csv
TexasInstruments_TLV2186IDR.pdf,Texas Instruments,TLV2186IDR,typ_supply_current,90 uA,mouser-opamps-page-2.csv
TexasInstruments_TLV2186IDR.pdf,Texas Instruments,TLV2186IDR,typ_gbp,750 kHz,mouser-opamps-page-2.csv
TexasInstruments_LM2904BQDRQ1.pdf,Texas Instruments,LM2904BQDRQ1,typ_supply_current,300 uA,mouser-opamps-page-2.csv
TexasInstruments_LM2904BQDRQ1.pdf,Texas Instruments,LM2904BQDRQ1,typ_gbp,1.2 MHz,mouser-opamps-page-2.csv
ONSemiconductor_NCV20061SN3T1G.pdf,ON Semiconductor,NCV20061SN3T1G,typ_gbp,3 MHz,mouser-opamps-page-2.csv
TexasInstruments_OPA2210ID.pdf,Texas Instruments,OPA2210ID,typ_gbp,18 MHz,mouser-opamps-page-2.csv
ONSemiconductor_MC34072DG.pdf,ON Semiconductor,MC34072DG,typ_supply_current,3.8 mA,mouser-opamps-page-217.csv
ONSemiconductor_MC34072DG.pdf,ON Semiconductor,MC34072DG,typ_gbp,4.5 MHz,mouser-opamps-page-217.csv
AnalogDevices_AD8566WARMZ-REEL.pdf,Analog Devices,AD8566WARMZ-REEL,typ_supply_current,700 uA,mouser-opamps-page-220.csv
AnalogDevices_AD8566WARMZ-REEL.pdf,Analog Devices,AD8566WARMZ-REEL,typ_gbp,5 MHz,mouser-opamps-page-220.csv
MaximIntegrated_MAX4042ESAT.pdf,Maxim Integrated,MAX4042ESA+T,typ_supply_current,40 uA,mouser-opamps-page-220.csv
MaximIntegrated_MAX4042ESAT.pdf,Maxim Integrated,MAX4042ESA+T,typ_gbp,90 kHz,mouser-opamps-page-220.csv
AnalogDevices_AD8508ACBZ-REEL7.pdf,Analog Devices,AD8508ACBZ-REEL7,typ_supply_current,60 uA,mouser-opamps-page-220.csv
AnalogDevices_AD8508ACBZ-REEL7.pdf,Analog Devices,AD8508ACBZ-REEL7,typ_gbp,95 kHz,mouser-opamps-page-220.csv
MaximIntegrated_MAX4076EUKT.pdf,Maxim Integrated,MAX4076EUK+T,typ_supply_current,40 uA,mouser-opamps-page-220.csv
MaximIntegrated_MAX4076EUKT.pdf,Maxim Integrated,MAX4076EUK+T,typ_gbp,230 kHz,mouser-opamps-page-220.csv
MaximIntegrated_MAX4432EUAT.pdf,Maxim Integrated,MAX4432EUA+T,typ_supply_current,11 mA,mouser-opamps-page-220.csv
MaximIntegrated_MAX4445ESET.pdf,Maxim Integrated,MAX4445ESE+T,typ_supply_current,3.5 mA,mouser-opamps-page-220.csv
MaximIntegrated_MAX4445ESET.pdf,Maxim Integrated,MAX4445ESE+T,typ_gbp,550 MHz,mouser-opamps-page-220.csv
MaximIntegrated_MAX4494AUAT.pdf,Maxim Integrated,MAX4494AUA+T,typ_supply_current,770 uA,mouser-opamps-page-220.csv
MaximIntegrated_MAX4494AUAT.pdf,Maxim Integrated,MAX4494AUA+T,typ_gbp,5 MHz,mouser-opamps-page-220.csv
AnalogDevices_ADLD8403ACPZ-R2.pdf,Analog Devices,ADLD8403ACPZ-R2,typ_supply_current,38 mA,mouser-opamps-page-221.csv
AnalogDevices_AD8002ARZ.pdf,Analog Devices,AD8002ARZ,typ_supply_current,5.75 mA,mouser-opamps-page-221.csv
AnalogDevices_AD8063ARZ.pdf,Analog Devices,AD8063ARZ,typ_supply_current,9.5 mA,mouser-opamps-page-221.csv
AnalogDevices_AD8063ARZ.pdf,Analog Devices,AD8063ARZ,typ_gbp,90 MHz,mouser-opamps-page-221.csv
AnalogDevices_OP262HRUZ-REEL.pdf,Analog Devices,OP262HRUZ-REEL,typ_supply_current,1.4 mA,mouser-opamps-page-221.csv
AnalogDevices_OP262HRUZ-REEL.pdf,Analog Devices,OP262HRUZ-REEL,typ_gbp,15 MHz,mouser-opamps-page-221.csv
ONSemiconductor_NCS2004MUTAG.pdf,ON Semiconductor,NCS2004MUTAG,typ_supply_current,13 mA,mouser-opamps-page-221.csv
ONSemiconductor_NCS2004MUTAG.pdf,ON Semiconductor,NCS2004MUTAG,typ_gbp,3.2 MHz,mouser-opamps-page-221.csv
STMicroelectronics_TS914AIYDT.pdf,STMicroelectronics,TS914AIYDT,typ_supply_current,1.4 mA,mouser-opamps-page-221.csv
STMicroelectronics_TS914AIYDT.pdf,STMicroelectronics,TS914AIYDT,typ_gbp,1 MHz,mouser-opamps-page-221.csv
STMicroelectronics_TS27M2AIDT.pdf,STMicroelectronics,TS27M2AIDT,typ_supply_current,400 uA,mouser-opamps-page-225.csv
STMicroelectronics_TS27M2AIDT.pdf,STMicroelectronics,TS27M2AIDT,typ_gbp,1 MHz,mouser-opamps-page-225.csv
STMicroelectronics_TS27L4AIPT.pdf,STMicroelectronics,TS27L4AIPT,typ_supply_current,60 uA,mouser-opamps-page-225.csv
STMicroelectronics_TS27L4AIPT.pdf,STMicroelectronics,TS27L4AIPT,typ_gbp,100 kHz,mouser-opamps-page-225.csv
STMicroelectronics_LM2904WDT.pdf,STMicroelectronics,LM2904WDT,typ_supply_current,1.2 mA,mouser-opamps-page-225.csv
STMicroelectronics_LM2904WDT.pdf,STMicroelectronics,LM2904WDT,typ_gbp,1.1 MHz,mouser-opamps-page-225.csv
STMicroelectronics_TS972IYDT.pdf,STMicroelectronics,TS972IYDT,typ_supply_current,2 mA,mouser-opamps-page-225.csv
STMicroelectronics_TS972IYDT.pdf,STMicroelectronics,TS972IYDT,typ_gbp,12 MHz,mouser-opamps-page-225.csv
STMicroelectronics_TSU104IQ4T.pdf,STMicroelectronics,TSU104IQ4T,typ_supply_current,950 nA,mouser-opamps-page-225.csv
STMicroelectronics_TSU104IQ4T.pdf,STMicroelectronics,TSU104IQ4T,typ_gbp,8 kHz,mouser-opamps-page-225.csv
MaximIntegrated_MAX40006ANT.pdf,Maxim Integrated,MAX40006ANT+,typ_supply_current,4.5 uA,mouser-opamps-page-225.csv
MaximIntegrated_MAX40006ANT.pdf,Maxim Integrated,MAX40006ANT+,typ_gbp,300 kHz,mouser-opamps-page-225.csv
STMicroelectronics_TSX634AIYPT.pdf,STMicroelectronics,TSX634AIYPT,typ_supply_current,45 uA,mouser-opamps-page-225.csv
STMicroelectronics_TSX634AIYPT.pdf,STMicroelectronics,TSX634AIYPT,typ_gbp,200 kHz,mouser-opamps-page-225.csv
MaximIntegrated_MAX40242ANA.pdf,Maxim Integrated,MAX40242ANA+,typ_supply_current,1.2 mA,mouser-opamps-page-225.csv
MaximIntegrated_MAX40242ANA.pdf,Maxim Integrated,MAX40242ANA+,typ_gbp,10 MHz,mouser-opamps-page-225.csv
STMicroelectronics_TL061ACDT.pdf,STMicroelectronics,TL061ACDT,typ_supply_current,250 uA,mouser-opamps-page-225.csv
STMicroelectronics_TL061ACDT.pdf,STMicroelectronics,TL061ACDT,typ_gbp,1 MHz,mouser-opamps-page-225.csv
STMicroelectronics_TSM103WAID.pdf,STMicroelectronics,TSM103WAID,typ_supply_current,1.2 mA,mouser-opamps-page-225.csv
STMicroelectronics_TSM103WAID.pdf,STMicroelectronics,TSM103WAID,typ_gbp,900 kHz,mouser-opamps-page-225.csv
MaximIntegrated_MAX40088AUT.pdf,Maxim Integrated,MAX40088AUT+,typ_supply_current,2.5 mA,mouser-opamps-page-225.csv
MaximIntegrated_MAX40088AUT.pdf,Maxim Integrated,MAX40088AUT+,typ_gbp,42 MHz,mouser-opamps-page-225.csv
STMicroelectronics_TSZ182IST.pdf,STMicroelectronics,TSZ182IST,typ_supply_current,800 uA,mouser-opamps-page-225.csv
STMicroelectronics_TSZ182IST.pdf,STMicroelectronics,TSZ182IST,typ_gbp,3 MHz,mouser-opamps-page-225.csv
AnalogDevicesLinearTechnology_LT6274HS5TRPBF.pdf,Analog Devices / Linear Technology,LT6274HS5#TRPBF,typ_supply_current,1.6 mA,mouser-opamps-page-321.csv
AnalogDevicesLinearTechnology_LT6274HS5TRPBF.pdf,Analog Devices / Linear Technology,LT6274HS5#TRPBF,typ_gbp,40 MHz,mouser-opamps-page-321.csv
AnalogDevicesLinearTechnology_LT1464CS8TRPBF.pdf,Analog Devices / Linear Technology,LT1464CS8#TRPBF,typ_supply_current,145 uA,mouser-opamps-page-321.csv
AnalogDevicesLinearTechnology_LT1464CS8TRPBF.pdf,Analog Devices / Linear Technology,LT1464CS8#TRPBF,typ_gbp,1 MHz,mouser-opamps-page-321.csv
AnalogDevicesLinearTechnology_LT1793ACS8TRPBF.pdf,Analog Devices / Linear Technology,LT1793ACS8#TRPBF,typ_supply_current,4.2 mA,mouser-opamps-page-321.csv
AnalogDevicesLinearTechnology_LT1793ACS8TRPBF.pdf,Analog Devices / Linear Technology,LT1793ACS8#TRPBF,typ_gbp,4.2 MHz,mouser-opamps-page-321.csv
SilegoTechnology_SLG88104V.pdf,Silego Technology,SLG88104V,typ_supply_current,400 nA,mouser-opamps-page-325.csv
SilegoTechnology_SLG88104V.pdf,Silego Technology,SLG88104V,typ_gbp,10 kHz,mouser-opamps-page-325.csv
DIOOMicrocircuits_DIO8358MP8.pdf,DIOO Microcircuits,DIO8358MP8,typ_supply_current,50 uA,mouser-opamps-page-332.csv
DIOOMicrocircuits_DIO8358MP8.pdf,DIOO Microcircuits,DIO8358MP8,typ_gbp,1 MHz,mouser-opamps-page-332.csv
DIOOMicrocircuits_DIO27L2SO8.pdf,DIOO Microcircuits,DIO27L2SO8,typ_supply_current,16 uA,mouser-opamps-page-332.csv
DIOOMicrocircuits_DIO27L2SO8.pdf,DIOO Microcircuits,DIO27L2SO8,typ_gbp,550 kHz,mouser-opamps-page-332.csv
DIOOMicrocircuits_DIO2072SO8.pdf,DIOO Microcircuits,DIO2072SO8,typ_supply_current,3 mA,mouser-opamps-page-332.csv
DIOOMicrocircuits_DIO2072SO8.pdf,DIOO Microcircuits,DIO2072SO8,typ_gbp,10 MHz,mouser-opamps-page-332.csv
DIOOMicrocircuits_DIO2054TP14.pdf,DIOO Microcircuits,DIO2054TP14,typ_supply_current,16 uA,mouser-opamps-page-333.csv
DIOOMicrocircuits_DIO2054TP14.pdf,DIOO Microcircuits,DIO2054TP14,typ_gbp,550 kHz,mouser-opamps-page-333.csv
DIOOMicrocircuits_DIO2032SO8.pdf,DIOO Microcircuits,DIO2032SO8,typ_supply_current,500 uA,mouser-opamps-page-335.csv
DIOOMicrocircuits_DIO2032SO8.pdf,DIOO Microcircuits,DIO2032SO8,typ_gbp,6 MHz,mouser-opamps-page-335.csv
TaiwanSemiconductor_TS358CDC3G.pdf,Taiwan Semiconductor,TS358CDC3G,typ_supply_current,1.5 mA,mouser-opamps-page-335.csv
TaiwanSemiconductor_TS358CDC3G.pdf,Taiwan Semiconductor,TS358CDC3G,typ_gbp,1 MHz,mouser-opamps-page-335.csv
STMicroelectronics_TS272AIPT.pdf,STMicroelectronics,TS272AIPT,typ_supply_current,1 mA,mouser-opamps-page-340.csv
STMicroelectronics_TS272AIPT.pdf,STMicroelectronics,TS272AIPT,typ_gbp,3.5 MHz,mouser-opamps-page-340.csv
MaximIntegrated_MAX9945ATTT.pdf,Maxim Integrated,MAX9945ATT+T,typ_supply_current,400 uA,mouser-opamps-page-41.csv
MaximIntegrated_MAX9945ATTT.pdf,Maxim Integrated,MAX9945ATT+T,typ_gbp,3 MHz,mouser-opamps-page-41.csv
RenesasIntersil_ISL28194FHZ-T7.pdf,Renesas / Intersil,ISL28194FHZ-T7,typ_supply_current,45 uA,mouser-opamps-page-41.csv
RenesasIntersil_ISL28194FHZ-T7.pdf,Renesas / Intersil,ISL28194FHZ-T7,typ_gbp,3.5 kHz,mouser-opamps-page-41.csv
AnalogDevicesLinearTechnology_LTC2058IS8EPBF.pdf,Analog Devices / Linear Technology,LTC2058IS8E#PBF,typ_supply_current,1.4 mA,mouser-opamps-page-5.csv
AnalogDevicesLinearTechnology_LTC2058IS8EPBF.pdf,Analog Devices / Linear Technology,LTC2058IS8E#PBF,typ_gbp,2.5 MHz,mouser-opamps-page-5.csv
ONSemiconductor_NCS333ASQ3T2G.pdf,ON Semiconductor,NCS333ASQ3T2G,typ_supply_current,17 uA,mouser-opamps-page-5.csv
ONSemiconductor_NCS333ASQ3T2G.pdf,ON Semiconductor,NCS333ASQ3T2G,typ_gbp,350 kHz,mouser-opamps-page-5.csv
AnalogDevicesLinearTechnology_LTC2064IMS8PBF.pdf,Analog Devices / Linear Technology,LTC2064IMS8#PBF,typ_supply_current,2 uA,mouser-opamps-page-5.csv
AnalogDevicesLinearTechnology_LTC2064IMS8PBF.pdf,Analog Devices / Linear Technology,LTC2064IMS8#PBF,typ_gbp,20 kHz,mouser-opamps-page-5.csv
STMicroelectronics_TSB7192IDT.pdf,STMicroelectronics,TSB7192IDT,typ_supply_current,1.8 mA,mouser-opamps-page-5.csv
STMicroelectronics_TSB7192IDT.pdf,STMicroelectronics,TSB7192IDT,typ_gbp,22 MHz,mouser-opamps-page-5.csv
AnalogDevices_ADA4084-2ARZ.pdf,Analog Devices,ADA4084-2ARZ,typ_supply_current,595 uA,mouser-opamps-page-61.csv
AnalogDevices_ADA4084-2ARZ.pdf,Analog Devices,ADA4084-2ARZ,typ_gbp,15.9 MHz,mouser-opamps-page-61.csv
AnalogDevices_ADA4817-1ARDZ.pdf,Analog Devices,ADA4817-1ARDZ,typ_supply_current,21 mA,mouser-opamps-page-61.csv
AnalogDevices_ADA4817-1ARDZ.pdf,Analog Devices,ADA4817-1ARDZ,typ_gbp,410 MHz,mouser-opamps-page-61.csv
AnalogDevices_AD708JNZ.pdf,Analog Devices,AD708JNZ,typ_supply_current,5.5 mA,mouser-opamps-page-61.csv
AnalogDevices_AD708JNZ.pdf,Analog Devices,AD708JNZ,typ_gbp,900 kHz,mouser-opamps-page-61.csv
STMicroelectronics_TSV992IQ2T.pdf,STMicroelectronics,TSV992IQ2T,typ_supply_current,780 uA,mouser-opamps-page-8.csv
STMicroelectronics_TSV992IQ2T.pdf,STMicroelectronics,TSV992IQ2T,typ_gbp,20 MHz,mouser-opamps-page-8.csv
ONSemiconductor_NCS20071XV53T2G.pdf,ON Semiconductor,NCS20071XV53T2G,typ_supply_current,420 uA,mouser-opamps-page-8.csv
ONSemiconductor_NCS20071XV53T2G.pdf,ON Semiconductor,NCS20071XV53T2G,typ_gbp,3 MHz,mouser-opamps-page-8.csv
AnalogDevicesLinearTechnology_LTC2067IMS8PBF.pdf,Analog Devices / Linear Technology,LTC2067IMS8#PBF,typ_supply_current,10 uA,mouser-opamps-page-8.csv
AnalogDevicesLinearTechnology_LTC2067IMS8PBF.pdf,Analog Devices / Linear Technology,LTC2067IMS8#PBF,typ_gbp,100 kHz,mouser-opamps-page-8.csv
AnalogDevices_OP291GSZ-REEL.pdf,Analog Devices,OP291GSZ-REEL,typ_supply_current,800 uA,mouser-opamps-page-81.csv
AnalogDevices_OP291GSZ-REEL.pdf,Analog Devices,OP291GSZ-REEL,typ_gbp,3 MHz,mouser-opamps-page-81.csv
RenesasIntersil_EL5364IUZ.pdf,Renesas / Intersil,EL5364IUZ,typ_supply_current,4.2 mA,mouser-opamps-page-81.csv
RenesasIntersil_EL5364IUZ.pdf,Renesas / Intersil,EL5364IUZ,typ_gbp,500 MHz,mouser-opamps-page-81.csv
DiodesIncorporated_TLV272IM8-13.pdf,Diodes Incorporated,TLV272IM8-13,typ_supply_current,625 uA,mouser-opamps-page-81.csv
DiodesIncorporated_TLV272IM8-13.pdf,Diodes Incorporated,TLV272IM8-13,typ_gbp,1.9 MHz,mouser-opamps-page-81.csv
AnalogDevices_AD8532ARZ-REEL.pdf,Analog Devices,AD8532ARZ-REEL,typ_supply_current,2.5 mA,mouser-opamps-page-81.csv
AnalogDevices_AD8532ARZ-REEL.pdf,Analog Devices,AD8532ARZ-REEL,typ_gbp,3 MHz,mouser-opamps-page-81.csv
STMicroelectronics_TSX9292IDT.pdf,STMicroelectronics,TSX9292IDT,typ_supply_current,2.8 mA,mouser-opamps-page-81.csv
STMicroelectronics_TSX9292IDT.pdf,STMicroelectronics,TSX9292IDT,typ_gbp,16 MHz,mouser-opamps-page-81.csv
MaximIntegrated_MAX9650ATAT.pdf,Maxim Integrated,MAX9650ATA+T,typ_supply_current,3.7 mA,mouser-opamps-page-81.csv
MaximIntegrated_MAX407CSA.pdf,Maxim Integrated,MAX407CSA+,typ_supply_current,1.2 uA,mouser-opamps-page-82.csv
MaximIntegrated_MAX407CSA.pdf,Maxim Integrated,MAX407CSA+,typ_gbp,8 kHz,mouser-opamps-page-82.csv
STMicroelectronics_LMV824AIYPT.pdf,STMicroelectronics,LMV824AIYPT,typ_supply_current,220 uA,mouser-opamps-page-82.csv
STMicroelectronics_LMV824AIYPT.pdf,STMicroelectronics,LMV824AIYPT,typ_gbp,5.5 MHz,mouser-opamps-page-82.csv
MaximIntegrated_MAX44260AYTT.pdf,Maxim Integrated,MAX44260AYT+T,typ_supply_current,750 uA,mouser-opamps-page-82.csv
MaximIntegrated_MAX44260AYTT.pdf,Maxim Integrated,MAX44260AYT+T,typ_gbp,15 MHz,mouser-opamps-page-82.csv
STMicroelectronics_TS952IPT.pdf,STMicroelectronics,TS952IPT,typ_supply_current,2.8 mA,mouser-opamps-page-83.csv
STMicroelectronics_TS952IPT.pdf,STMicroelectronics,TS952IPT,typ_gbp,3 MHz,mouser-opamps-page-83.csv
AnalogDevices_OP282ARMZ-REEL.pdf,Analog Devices,OP282ARMZ-REEL,typ_supply_current,250 uA,mouser-opamps-page-83.csv
AnalogDevices_OP282ARMZ-REEL.pdf,Analog Devices,OP282ARMZ-REEL,typ_gbp,4 MHz,mouser-opamps-page-83.csv
AnalogDevicesLinearTechnology_LTC6090IS8EPBF.pdf,Analog Devices / Linear Technology,LTC6090IS8E#PBF,typ_supply_current,2.7 mA,mouser-opamps-page-83.csv
AnalogDevicesLinearTechnology_LTC6090IS8EPBF.pdf,Analog Devices / Linear Technology,LTC6090IS8E#PBF,typ_gbp,24 MHz,mouser-opamps-page-83.csv
STMicroelectronics_LM248DT.pdf,STMicroelectronics,LM248DT,typ_supply_current,3.6 mA,mouser-opamps-page-83.csv
STMicroelectronics_LM248DT.pdf,STMicroelectronics,LM248DT,typ_gbp,1.3 MHz,mouser-opamps-page-83.csv
MaximIntegrated_MAX4291EUKT.pdf,Maxim Integrated,MAX4291EUK+T,typ_supply_current,100 uA,mouser-opamps-page-83.csv
MaximIntegrated_MAX4291EUKT.pdf,Maxim Integrated,MAX4291EUK+T,typ_gbp,500 kHz,mouser-opamps-page-83.csv
ONSemiconductor_MC33274ADTBR2G.pdf,ON Semiconductor,MC33274ADTBR2G,typ_supply_current,8.6 mA,mouser-opamps-page-83.csv
ONSemiconductor_MC33274ADTBR2G.pdf,ON Semiconductor,MC33274ADTBR2G,typ_gbp,24 MHz,mouser-opamps-page-83.csv
MaximIntegrated_MAX44280AYTT.pdf,Maxim Integrated,MAX44280AYT+T,typ_supply_current,750 uA,mouser-opamps-page-83.csv
MaximIntegrated_MAX44280AYTT.pdf,Maxim Integrated,MAX44280AYT+T,typ_gbp,50 MHz,mouser-opamps-page-83.csv
AnalogDevicesLinearTechnology_LT1010CDDPBF.pdf,Analog Devices / Linear Technology,LT1010CDD#PBF,typ_supply_current,5 mA,mouser-opamps-page-84.csv
AnalogDevicesLinearTechnology_LT1010CDDPBF.pdf,Analog Devices / Linear Technology,LT1010CDD#PBF,typ_gbp,30 MHz,mouser-opamps-page-84.csv
MaximIntegrated_MAX9615AXAT.pdf,Maxim Integrated,MAX9615AXA+T,typ_supply_current,220 uA,mouser-opamps-page-84.csv
MaximIntegrated_MAX9615AXAT.pdf,Maxim Integrated,MAX9615AXA+T,typ_gbp,2.8 MHz,mouser-opamps-page-84.csv
MaximIntegrated_MAX494CSD.pdf,Maxim Integrated,MAX494CSD+,typ_supply_current,150 uA,mouser-opamps-page-85.csv
MaximIntegrated_MAX494CSD.pdf,Maxim Integrated,MAX494CSD+,typ_gbp,500 kHz,mouser-opamps-page-85.csv
MaximIntegrated_MAX4105ESA.pdf,Maxim Integrated,MAX4105ESA+,typ_supply_current,20 mA,mouser-opamps-page-85.csv
MaximIntegrated_MAX4105ESA.pdf,Maxim Integrated,MAX4105ESA+,typ_gbp,100 MHz,mouser-opamps-page-85.csv
ONSemiconductor_SE5532AD8R2G.pdf,ON Semiconductor,SE5532AD8R2G,typ_supply_current,8 mA,mouser-opamps-page-85.csv
ONSemiconductor_SE5532AD8R2G.pdf,ON Semiconductor,SE5532AD8R2G,typ_gbp,10 MHz,mouser-opamps-page-85.csv
AnalogDevices_OP162GSZ-REEL7.pdf,Analog Devices,OP162GSZ-REEL7,typ_supply_current,750 uA,mouser-opamps-page-86.csv
AnalogDevices_OP162GSZ-REEL7.pdf,Analog Devices,OP162GSZ-REEL7,typ_gbp,15 MHz,mouser-opamps-page-86.csv
AnalogDevices_AD8032ARZ-REEL.pdf,Analog Devices,AD8032ARZ-REEL,typ_supply_current,3.2 mA,mouser-opamps-page-86.csv
AnalogDevices_AD8032ARZ-REEL.pdf,Analog Devices,AD8032ARZ-REEL,typ_gbp,50 MHz,mouser-opamps-page-86.csv
AnalogDevicesLinearTechnology_LT1357CS8TRPBF.pdf,Analog Devices / Linear Technology,LT1357CS8#TRPBF,typ_supply_current,2 mA,mouser-opamps-page-87.csv
AnalogDevicesLinearTechnology_LT1357CS8TRPBF.pdf,Analog Devices / Linear Technology,LT1357CS8#TRPBF,typ_gbp,25 MHz,mouser-opamps-page-87.csv
STMicroelectronics_TSV631AICT.pdf,STMicroelectronics,TSV631AICT,typ_supply_current,60 uA,mouser-opamps-page-87.csv
STMicroelectronics_TSV631AICT.pdf,STMicroelectronics,TSV631AICT,typ_gbp,880 kHz,mouser-opamps-page-87.csv
ONSemiconductor_NCS20072DMR2G.pdf,ON Semiconductor,NCS20072DMR2G,typ_supply_current,465 uA,mouser-opamps-page-87.csv
ONSemiconductor_NCS20072DMR2G.pdf,ON Semiconductor,NCS20072DMR2G,typ_gbp,3 MHz,mouser-opamps-page-87.csv
AnalogDevicesLinearTechnology_LTC6268HS8-10PBF.pdf,Analog Devices / Linear Technology,LTC6268HS8-10#PBF,typ_supply_current,16.5 mA,mouser-opamps-page-87.csv
AnalogDevicesLinearTechnology_LTC6268HS8-10PBF.pdf,Analog Devices / Linear Technology,LTC6268HS8-10#PBF,typ_gbp,4 GHz,mouser-opamps-page-87.csv
STMicroelectronics_TS1871AIYLT.pdf,STMicroelectronics,TS1871AIYLT,typ_supply_current,560 uA,mouser-opamps-page-87.csv
STMicroelectronics_TS1871AIYLT.pdf,STMicroelectronics,TS1871AIYLT,typ_gbp,1.6 MHz,mouser-opamps-page-87.csv
AnalogDevices_OP200GSZ-REEL.pdf,Analog Devices,OP200GSZ-REEL,typ_supply_current,1.45 mA,mouser-opamps-page-89.csv
AnalogDevices_OP200GSZ-REEL.pdf,Analog Devices,OP200GSZ-REEL,typ_gbp,500 kHz,mouser-opamps-page-89.csv
STMicroelectronics_TSV912IYST.pdf,STMicroelectronics,TSV912IYST,typ_supply_current,780 uA,mouser-opamps-page-89.csv
STMicroelectronics_TSV912IYST.pdf,STMicroelectronics,TSV912IYST,typ_gbp,8 MHz,mouser-opamps-page-89.csv
STMicroelectronics_OA4MPA33Q.pdf,STMicroelectronics,OA4MPA33Q,typ_supply_current,10 uA,mouser-opamps-page-89.csv
STMicroelectronics_OA4MPA33Q.pdf,STMicroelectronics,OA4MPA33Q,typ_gbp,150 kHz,mouser-opamps-page-89.csv
AnalogDevices_AD8571ARZ-REEL7.pdf,Analog Devices,AD8571ARZ-REEL7,typ_supply_current,975 uA,mouser-opamps-page-89.csv
AnalogDevices_AD8571ARZ-REEL7.pdf,Analog Devices,AD8571ARZ-REEL7,typ_gbp,1.5 MHz,mouser-opamps-page-89.csv
AnalogDevices_AD8033ARZ-REEL.pdf,Analog Devices,AD8033ARZ-REEL,typ_supply_current,3.5 mA,mouser-opamps-page-89.csv
AnalogDevices_AD8033ARZ-REEL.pdf,Analog Devices,AD8033ARZ-REEL,typ_gbp,45 MHz,mouser-opamps-page-89.csv
AnalogDevices_AD8011ARZ-REEL7.pdf,Analog Devices,AD8011ARZ-REEL7,typ_supply_current,1.3 mA,mouser-opamps-page-89.csv
AnalogDevices_AD8011ARZ-REEL7.pdf,Analog Devices,AD8011ARZ-REEL7,typ_gbp,328 MHz,mouser-opamps-page-89.csv
AnalogDevices_OP413FSZ-REEL.pdf,Analog Devices,OP413FSZ-REEL,typ_supply_current,2.7 mA,mouser-opamps-page-89.csv
AnalogDevices_OP413FSZ-REEL.pdf,Analog Devices,OP413FSZ-REEL,typ_gbp,3.4 MHz,mouser-opamps-page-89.csv
ONSemiconductor_NCS20082DMR2G.pdf,ON Semiconductor,NCS20082DMR2G,typ_supply_current,48 uA,mouser-opamps-page-89.csv
ONSemiconductor_NCS20082DMR2G.pdf,ON Semiconductor,NCS20082DMR2G,typ_gbp,1.2 MHz,mouser-opamps-page-89.csv
ONSemiconductor_NCS2002SN2T1G.pdf,ON Semiconductor,NCS2002SN2T1G,typ_supply_current,2 uA,mouser-opamps-page-90.csv
ONSemiconductor_NCS2002SN2T1G.pdf,ON Semiconductor,NCS2002SN2T1G,typ_gbp,900 kHz,mouser-opamps-page-90.csv
AnalogDevicesLinearTechnology_LT1359CSPBF.pdf,Analog Devices / Linear Technology,LT1359CS#PBF,typ_supply_current,2 mA,mouser-opamps-page-90.csv
AnalogDevicesLinearTechnology_LT1359CSPBF.pdf,Analog Devices / Linear Technology,LT1359CS#PBF,typ_gbp,25 MHz,mouser-opamps-page-90.csv
MaximIntegrated_MAX4232AUAT.pdf,Maxim Integrated,MAX4232AUA+T,typ_supply_current,1.1 mA,mouser-opamps-page-90.csv
MaximIntegrated_MAX4232AUAT.pdf,Maxim Integrated,MAX4232AUA+T,typ_gbp,10 MHz,mouser-opamps-page-90.csv
AnalogDevices_OP496GSZ-REEL7.pdf,Analog Devices,OP496GSZ-REEL7,typ_supply_current,240 uA,mouser-opamps-page-91.csv
AnalogDevices_OP496GSZ-REEL7.pdf,Analog Devices,OP496GSZ-REEL7,typ_gbp,450 kHz,mouser-opamps-page-91.csv
STMicroelectronics_TS921IPT.pdf,STMicroelectronics,TS921IPT,typ_supply_current,1.5 mA,mouser-opamps-page-91.csv
STMicroelectronics_TS921IPT.pdf,STMicroelectronics,TS921IPT,typ_gbp,4 MHz,mouser-opamps-page-91.csv
AnalogDevices_ADA4891-2ARZ-RL.pdf,Analog Devices,ADA4891-2ARZ-RL,typ_supply_current,8.8 mA,mouser-opamps-page-91.csv
AnalogDevices_ADA4891-2ARZ-RL.pdf,Analog Devices,ADA4891-2ARZ-RL,typ_gbp,105 MHz,mouser-opamps-page-91.csv
AnalogDevices_AD8529ARZ-REEL.pdf,Analog Devices,AD8529ARZ-REEL,typ_supply_current,1.2 mA,mouser-opamps-page-91.csv
AnalogDevices_AD8529ARZ-REEL.pdf,Analog Devices,AD8529ARZ-REEL,typ_gbp,8 MHz,mouser-opamps-page-91.csv
AnalogDevices_AD548JRZ-REEL7.pdf,Analog Devices,AD548JRZ-REEL7,typ_gbp,1 MHz,mouser-opamps-page-91.csv
RenesasIntersil_ISL55004IBZ-T7.pdf,Renesas / Intersil,ISL55004IBZ-T7,typ_supply_current,35 mA,mouser-opamps-page-91.csv
RenesasIntersil_ISL55004IBZ-T7.pdf,Renesas / Intersil,ISL55004IBZ-T7,typ_gbp,70 MHz,mouser-opamps-page-91.csv
AnalogDevicesLinearTechnology_LT1169CS8PBF.pdf,Analog Devices / Linear Technology,LT1169CS8#PBF,typ_supply_current,5.3 mA,mouser-opamps-page-91.csv
AnalogDevicesLinearTechnology_LT1169CS8PBF.pdf,Analog Devices / Linear Technology,LT1169CS8#PBF,typ_gbp,5.3 MHz,mouser-opamps-page-91.csv
STMicroelectronics_TS1852IDT.pdf,STMicroelectronics,TS1852IDT,typ_supply_current,170 uA,mouser-opamps-page-91.csv
STMicroelectronics_TS1852IDT.pdf,STMicroelectronics,TS1852IDT,typ_gbp,530 kHz,mouser-opamps-page-91.csv
RenesasIntersil_ISL28191FRUZ-T7.pdf,Renesas / Intersil,ISL28191FRUZ-T7,typ_supply_current,3.5 mA,mouser-opamps-page-91.csv
AnalogDevices_AD8574ARZ-REEL7.pdf,Analog Devices,AD8574ARZ-REEL7,typ_supply_current,3.9 mA,mouser-opamps-page-91.csv
AnalogDevices_AD8574ARZ-REEL7.pdf,Analog Devices,AD8574ARZ-REEL7,typ_gbp,1.5 MHz,mouser-opamps-page-91.csv
MaximIntegrated_MAX4475ASAT.pdf,Maxim Integrated,MAX4475ASA+T,typ_supply_current,2.2 mA,mouser-opamps-page-93.csv
MaximIntegrated_MAX4475ASAT.pdf,Maxim Integrated,MAX4475ASA+T,typ_gbp,10 MHz,mouser-opamps-page-93.csv
AnalogDevices_OP279GRUZ-REEL.pdf,Analog Devices,OP279GRUZ-REEL,typ_supply_current,7 mA,mouser-opamps-page-93.csv
AnalogDevices_OP279GRUZ-REEL.pdf,Analog Devices,OP279GRUZ-REEL,typ_gbp,5 MHz,mouser-opamps-page-93.csv
AnalogDevices_OP221GSZ-REEL7.pdf,Analog Devices,OP221GSZ-REEL7,typ_supply_current,900 uA,mouser-opamps-page-93.csv
AnalogDevices_OP221GSZ-REEL7.pdf,Analog Devices,OP221GSZ-REEL7,typ_gbp,600 kHz,mouser-opamps-page-93.csv
AnalogDevicesLinearTechnology_LTC6268HS6TRMPBF.pdf,Analog Devices / Linear Technology,LTC6268HS6#TRMPBF,typ_supply_current,16.5 mA,mouser-opamps-page-93.csv
AnalogDevicesLinearTechnology_LTC6268HS6TRMPBF.pdf,Analog Devices / Linear Technology,LTC6268HS6#TRMPBF,typ_gbp,500 MHz,mouser-opamps-page-93.csv
AnalogDevicesLinearTechnology_LT1352IS8PBF.pdf,Analog Devices / Linear Technology,LT1352IS8#PBF,typ_supply_current,0.25 mA,mouser-opamps-page-93.csv
AnalogDevicesLinearTechnology_LT1352IS8PBF.pdf,Analog Devices / Linear Technology,LT1352IS8#PBF,typ_gbp,3 MHz,mouser-opamps-page-93.csv
AnalogDevicesLinearTechnology_LT1970CFETRPBF.pdf,Analog Devices / Linear Technology,LT1970CFE#TRPBF,typ_supply_current,7 mA,mouser-opamps-page-93.csv
AnalogDevicesLinearTechnology_LT1970CFETRPBF.pdf,Analog Devices / Linear Technology,LT1970CFE#TRPBF,typ_gbp,3.6 MHz,mouser-opamps-page-93.csv
RenesasIntersil_ISL28214FUZ.pdf,Renesas / Intersil,ISL28214FUZ,typ_supply_current,720 uA,mouser-opamps-page-93.csv
RenesasIntersil_ISL28214FUZ.pdf,Renesas / Intersil,ISL28214FUZ,typ_gbp,5 MHz,mouser-opamps-page-93.csv
STMicroelectronics_TS934IDT.pdf,STMicroelectronics,TS934IDT,typ_supply_current,20 uA,mouser-opamps-page-93.csv
STMicroelectronics_TS934IDT.pdf,STMicroelectronics,TS934IDT,typ_gbp,100 kHz,mouser-opamps-page-93.csv
AnalogDevicesLinearTechnology_LT1351CN8PBF.pdf,Analog Devices / Linear Technology,LT1351CN8#PBF,typ_supply_current,250 uA,mouser-opamps-page-93.csv
AnalogDevicesLinearTechnology_LT1351CN8PBF.pdf,Analog Devices / Linear Technology,LT1351CN8#PBF,typ_gbp,3 MHz,mouser-opamps-page-93.csv
AnalogDevices_OP495GSZ-REEL.pdf,Analog Devices,OP495GSZ-REEL,typ_supply_current,600 uA,mouser-opamps-page-93.csv
AnalogDevices_OP495GSZ-REEL.pdf,Analog Devices,OP495GSZ-REEL,typ_gbp,85 kHz,mouser-opamps-page-93.csv
MaximIntegrated_MAX4338EUBT.pdf,Maxim Integrated,MAX4338EUB+T,typ_supply_current,1.2 mA,mouser-opamps-page-94.csv
MaximIntegrated_MAX4338EUBT.pdf,Maxim Integrated,MAX4338EUB+T,typ_gbp,5 MHz,mouser-opamps-page-94.csv
AnalogDevicesLinearTechnology_LT1635CS8PBF.pdf,Analog Devices / Linear Technology,LT1635CS8#PBF,typ_supply_current,130 uA,mouser-opamps-page-94.csv
AnalogDevicesLinearTechnology_LT1635CS8PBF.pdf,Analog Devices / Linear Technology,LT1635CS8#PBF,typ_gbp,175 kHz,mouser-opamps-page-94.csv
STMicroelectronics_TSV621AILT.pdf,STMicroelectronics,TSV621AILT,typ_supply_current,36 uA,mouser-opamps-page-94.csv
STMicroelectronics_TSV621AILT.pdf,STMicroelectronics,TSV621AILT,typ_gbp,420 kHz,mouser-opamps-page-94.csv
RenesasIntersil_ISL28113FEZ-T7.pdf,Renesas / Intersil,ISL28113FEZ-T7,typ_supply_current,130 uA,mouser-opamps-page-94.csv
RenesasIntersil_ISL28113FEZ-T7.pdf,Renesas / Intersil,ISL28113FEZ-T7,typ_gbp,2 MHz,mouser-opamps-page-94.csv
MaximIntegrated_MAX44248AUAT.pdf,Maxim Integrated,MAX44248AUA+T,typ_supply_current,90 uA,mouser-opamps-page-94.csv
MaximIntegrated_MAX44248AUAT.pdf,Maxim Integrated,MAX44248AUA+T,typ_gbp,1 MHz,mouser-opamps-page-94.csv
AnalogDevicesLinearTechnology_LT1782IS5TRPBF.pdf,Analog Devices / Linear Technology,LT1782IS5#TRPBF,typ_supply_current,40 uA,mouser-opamps-page-95.csv
AnalogDevicesLinearTechnology_LT1782IS5TRPBF.pdf,Analog Devices / Linear Technology,LT1782IS5#TRPBF,typ_gbp,200 kHz,mouser-opamps-page-95.csv
AnalogDevices_OP292GSZ-REEL.pdf,Analog Devices,OP292GSZ-REEL,typ_supply_current,2.4 mA,mouser-opamps-page-95.csv
AnalogDevices_OP292GSZ-REEL.pdf,Analog Devices,OP292GSZ-REEL,typ_gbp,4 MHz,mouser-opamps-page-95.csv
MaximIntegrated_MAX4322ESAT.pdf,Maxim Integrated,MAX4322ESA+T,typ_supply_current,650 uA,mouser-opamps-page-95.csv
MaximIntegrated_MAX4322ESAT.pdf,Maxim Integrated,MAX4322ESA+T,typ_gbp,5 MHz,mouser-opamps-page-95.csv
MaximIntegrated_MAX4402AKAT.pdf,Maxim Integrated,MAX4402AKA+T,typ_supply_current,320 uA,mouser-opamps-page-95.csv
MaximIntegrated_MAX4402AKAT.pdf,Maxim Integrated,MAX4402AKA+T,typ_gbp,800 kHz,mouser-opamps-page-95.csv
MaximIntegrated_MAX9917EUBT.pdf,Maxim Integrated,MAX9917EUB+T,typ_supply_current,40 uA,mouser-opamps-page-95.csv
MaximIntegrated_MAX9917EUBT.pdf,Maxim Integrated,MAX9917EUB+T,typ_gbp,1 MHz,mouser-opamps-page-95.csv
MaximIntegrated_MAX4039EBLT.pdf,Maxim Integrated,MAX4039EBL+T,typ_supply_current,4.1 uA,mouser-opamps-page-95.csv
MaximIntegrated_MAX4039EBLT.pdf,Maxim Integrated,MAX4039EBL+T,typ_gbp,4 kHz,mouser-opamps-page-95.csv
MaximIntegrated_MAX4486ASAT.pdf,Maxim Integrated,MAX4486ASA+T,typ_supply_current,1.9 mA,mouser-opamps-page-95.csv
MaximIntegrated_MAX4486ASAT.pdf,Maxim Integrated,MAX4486ASA+T,typ_gbp,7 MHz,mouser-opamps-page-95.csv
MaximIntegrated_MAX4471ESAT.pdf,Maxim Integrated,MAX4471ESA+T,typ_supply_current,0.75 uA,mouser-opamps-page-95.csv
MaximIntegrated_MAX4471ESAT.pdf,Maxim Integrated,MAX4471ESA+T,typ_gbp,9 kHz,mouser-opamps-page-95.csv
MaximIntegrated_MAX4242EUAT.pdf,Maxim Integrated,MAX4242EUA+T,typ_supply_current,10 uA,mouser-opamps-page-95.csv
MaximIntegrated_MAX4242EUAT.pdf,Maxim Integrated,MAX4242EUA+T,typ_gbp,90 kHz,mouser-opamps-page-95.csv
AnalogDevicesLinearTechnology_LT1970AIFEPBF.pdf,Analog Devices / Linear Technology,LT1970AIFE#PBF,typ_supply_current,7 mA,mouser-opamps-page-95.csv
AnalogDevicesLinearTechnology_LT1970AIFEPBF.pdf,Analog Devices / Linear Technology,LT1970AIFE#PBF,typ_gbp,3.6 MHz,mouser-opamps-page-95.csv
STMicroelectronics_TL062BCDT.pdf,STMicroelectronics,TL062BCDT,typ_supply_current,250 uA,mouser-opamps-page-95.csv
STMicroelectronics_TL062BCDT.pdf,STMicroelectronics,TL062BCDT,typ_gbp,1 MHz,mouser-opamps-page-95.csv
STMicroelectronics_TS922AIYPT.pdf,STMicroelectronics,TS922AIYPT,typ_supply_current,3 mA,mouser-opamps-page-95.csv
STMicroelectronics_TS922AIYPT.pdf,STMicroelectronics,TS922AIYPT,typ_gbp,4 MHz,mouser-opamps-page-95.csv
MaximIntegrated_MAX4253EUBT.pdf,Maxim Integrated,MAX4253EUB+T,typ_supply_current,400 uA,mouser-opamps-page-95.csv
MaximIntegrated_MAX4253EUBT.pdf,Maxim Integrated,MAX4253EUB+T,typ_gbp,3 MHz,mouser-opamps-page-95.csv
RenesasIntersil_ISL55002IBZ-T7.pdf,Renesas / Intersil,ISL55002IBZ-T7,typ_supply_current,8.5 mA,mouser-opamps-page-95.csv
RenesasIntersil_ISL55002IBZ-T7.pdf,Renesas / Intersil,ISL55002IBZ-T7,typ_gbp,70 MHz,mouser-opamps-page-95.csv
AnalogDevicesLinearTechnology_LT1462CS8PBF.pdf,Analog Devices / Linear Technology,LT1462CS8#PBF,typ_supply_current,28 uA,mouser-opamps-page-95.csv
AnalogDevicesLinearTechnology_LT1462CS8PBF.pdf,Analog Devices / Linear Technology,LT1462CS8#PBF,typ_gbp,175 kHz,mouser-opamps-page-95.csv
STMicroelectronics_TSV522AIST.pdf,STMicroelectronics,TSV522AIST,typ_supply_current,60 uA,mouser-opamps-page-95.csv
STMicroelectronics_TSV522AIST.pdf,STMicroelectronics,TSV522AIST,typ_gbp,1.15 MHz,mouser-opamps-page-95.csv
STMicroelectronics_TSX920ILT.pdf,STMicroelectronics,TSX920ILT,typ_supply_current,3.6 mA,mouser-opamps-page-96.csv
STMicroelectronics_TSX920ILT.pdf,STMicroelectronics,TSX920ILT,typ_gbp,10 MHz,mouser-opamps-page-96.csv
AnalogDevicesLinearTechnology_LT1783CS6TRMPBF.pdf,Analog Devices / Linear Technology,LT1783CS6#TRMPBF,typ_supply_current,210 uA,mouser-opamps-page-96.csv
AnalogDevicesLinearTechnology_LT1783CS6TRMPBF.pdf,Analog Devices / Linear Technology,LT1783CS6#TRMPBF,typ_gbp,1.25 MHz,mouser-opamps-page-96.csv
AnalogDevicesLinearTechnology_LT1490ACS8TRPBF.pdf,Analog Devices / Linear Technology,LT1490ACS8#TRPBF,typ_supply_current,0.04 mA,mouser-opamps-page-96.csv
AnalogDevicesLinearTechnology_LT1490ACS8TRPBF.pdf,Analog Devices / Linear Technology,LT1490ACS8#TRPBF,typ_gbp,180 kHz,mouser-opamps-page-96.csv
STMicroelectronics_TS924AIYPT.pdf,STMicroelectronics,TS924AIYPT,typ_supply_current,7 mA,mouser-opamps-page-96.csv
STMicroelectronics_TS924AIYPT.pdf,STMicroelectronics,TS924AIYPT,typ_gbp,4 MHz,mouser-opamps-page-96.csv
MaximIntegrated_MAX4125ESAT.pdf,Maxim Integrated,MAX4125ESA+T,typ_supply_current,650 uA,mouser-opamps-page-96.csv
MaximIntegrated_MAX4125ESAT.pdf,Maxim Integrated,MAX4125ESA+T,typ_gbp,25 MHz,mouser-opamps-page-96.csv
AnalogDevices_ADA4062-4ARUZ-RL.pdf,Analog Devices,ADA4062-4ARUZ-RL,typ_supply_current,880 uA,mouser-opamps-page-96.csv
AnalogDevices_ADA4062-4ARUZ-RL.pdf,Analog Devices,ADA4062-4ARUZ-RL,typ_gbp,1.4 MHz,mouser-opamps-page-96.csv
MaximIntegrated_MAX4492AUDT.pdf,Maxim Integrated,MAX4492AUD+T,typ_supply_current,800 uA,mouser-opamps-page-96.csv
MaximIntegrated_MAX4492AUDT.pdf,Maxim Integrated,MAX4492AUD+T,typ_gbp,10 MHz,mouser-opamps-page-96.csv
AnalogDevicesLinearTechnology_LT1122CCN8PBF.pdf,Analog Devices / Linear Technology,LT1122CCN8#PBF,typ_supply_current,7.5 mA,mouser-opamps-page-96.csv
AnalogDevicesLinearTechnology_LT1122CCN8PBF.pdf,Analog Devices / Linear Technology,LT1122CCN8#PBF,typ_gbp,14 MHz,mouser-opamps-page-96.csv
STMicroelectronics_TS941AILT.pdf,STMicroelectronics,TS941AILT,typ_supply_current,1.2 uA,mouser-opamps-page-96.csv
STMicroelectronics_TS941AILT.pdf,STMicroelectronics,TS941AILT,typ_gbp,10 kHz,mouser-opamps-page-96.csv
RenesasIntersil_ISL28430CBZ.pdf,Renesas / Intersil,ISL28430CBZ,typ_supply_current,100 uA,mouser-opamps-page-96.csv
RenesasIntersil_ISL28430CBZ.pdf,Renesas / Intersil,ISL28430CBZ,typ_gbp,400 kHz,mouser-opamps-page-96.csv
AnalogDevicesLinearTechnology_LT1784IS5TRPBF.pdf,Analog Devices / Linear Technology,LT1784IS5#TRPBF,typ_supply_current,500 uA,mouser-opamps-page-96.csv
AnalogDevicesLinearTechnology_LT1784IS5TRPBF.pdf,Analog Devices / Linear Technology,LT1784IS5#TRPBF,typ_gbp,2.5 MHz,mouser-opamps-page-96.csv
STMicroelectronics_TSX562AIYST.pdf,STMicroelectronics,TSX562AIYST,typ_supply_current,220 uA,mouser-opamps-page-96.csv
STMicroelectronics_TSX562AIYST.pdf,STMicroelectronics,TSX562AIYST,typ_gbp,900 kHz,mouser-opamps-page-96.csv
STMicroelectronics_TSV6294AIPT.pdf,STMicroelectronics,TSV6294AIPT,typ_supply_current,36 uA,mouser-opamps-page-96.csv
STMicroelectronics_TSV6294AIPT.pdf,STMicroelectronics,TSV6294AIPT,typ_gbp,1.3 MHz,mouser-opamps-page-96.csv
ONSemiconductorFairchild_LMV358DR2G.pdf,ON Semiconductor / Fairchild,LMV358DR2G,typ_supply_current,440 uA,mouser-opamps-page-99.csv
ONSemiconductorFairchild_LMV358DR2G.pdf,ON Semiconductor / Fairchild,LMV358DR2G,typ_gbp,1 MHz,mouser-opamps-page-99.csv
ONSemiconductor_NCV2902DR2G.pdf,ON Semiconductor,NCV2902DR2G,typ_supply_current,1.2 mA,mouser-opamps-page-99.csv
ONSemiconductor_NCV2902DR2G.pdf,ON Semiconductor,NCV2902DR2G,typ_gbp,1 MHz,mouser-opamps-page-99.csv
DiodesIncorporated_LM2902QT14-13.pdf,Diodes Incorporated,LM2902QT14-13,typ_supply_current,1 mA,mouser-opamps-page-99.csv
STMicroelectronics_TS271CDT.pdf,STMicroelectronics,TS271CDT,typ_supply_current,15 uA,mouser-opamps-page-99.csv
STMicroelectronics_TS271CDT.pdf,STMicroelectronics,TS271CDT,typ_gbp,100 kHz,mouser-opamps-page-99.csv
STMicroelectronics_TL081CDT.pdf,STMicroelectronics,TL081CDT,typ_supply_current,2.5 mA,mouser-opamps-page-99.csv
STMicroelectronics_TL081CDT.pdf,STMicroelectronics,TL081CDT,typ_gbp,4 MHz,mouser-opamps-page-99.csv
STMicroelectronics_TL084CPT.pdf,STMicroelectronics,TL084CPT,typ_supply_current,2.5 mA,mouser-opamps-page-99.csv
STMicroelectronics_TL084CPT.pdf,STMicroelectronics,TL084CPT,typ_gbp,4 MHz,mouser-opamps-page-99.csv
STMicroelectronics_LM258AWDT.pdf,STMicroelectronics,LM258AWDT,typ_supply_current,700 uA,mouser-opamps-page-99.csv
STMicroelectronics_LM258AWDT.pdf,STMicroelectronics,LM258AWDT,typ_gbp,1.1 MHz,mouser-opamps-page-99.csv
DiodesIncorporated_LMV324TSG-13.pdf,Diodes Incorporated,LMV324TSG-13,typ_supply_current,340 uA,mouser-opamps-page-99.csv
DiodesIncorporated_LMV324TSG-13.pdf,Diodes Incorporated,LMV324TSG-13,typ_gbp,1 MHz,mouser-opamps-page-99.csv
Parallax_602-00015.pdf,Parallax,602-00015,typ_supply_current,700 uA,mouser-opamps-page-99.csv
DiodesIncorporated_AP358SG-13.pdf,Diodes Incorporated,AP358SG-13,typ_supply_current,1.2 mA,mouser-opamps-page-99.csv
DiodesIncorporated_AP358SG-13.pdf,Diodes Incorporated,AP358SG-13,typ_gbp,1 MHz,mouser-opamps-page-99.csv
STMicroelectronics_LMV321RIYLT.pdf,STMicroelectronics,LMV321RIYLT,typ_supply_current,22 uA,mouser-opamps-page-99.csv
STMicroelectronics_LMV321RIYLT.pdf,STMicroelectronics,LMV321RIYLT,typ_gbp,1 MHz,mouser-opamps-page-99.csv
